eta,U,a,s,y,ke,eph,coul,E,Einf,dE
0.00024918417391304353,4.072118960879976,1.0,7.0,1.0,2.3376182029430903e-06,1.0006621907333562,0.0006621907333570624,-4.071101243732458,-4.071104253280634,7.392461574958823e-07
0.00024918417391304353,4.072118960879976,1.0,7.0,1000.0,2.494586157310704e-06,1.0000034848555093,9.118819655545163e-07,-4.0711122326127205,-4.071104253280634,-1.959992078364795e-06
