eta,U,a,s,y,E,Einf,Ebind,w_LO (Hz),Ebind (eV),Material,"Preformed pairing ""temperature""",,
0.000249184,4.072118961,1,148.4131591,1,-4.070968287,-4.070936561,-3.17256E-05,1.5193E+14,-3.18124E-06,STO,-0.036903249,,Boltzmann const k_B ~ 1.381E-23 J/K
0.001210526,12.56960102,1,148.4131591,1.000017408,-12.55417973,-12.5541517,-2.80265E-05,2.47629E+13,-4.5805E-07,KTO,-0.005313517,,
0.0905,2.6,1,148.4131591,2.718281828,-2.363967849,-2.364542345,0.000574496,4.13932E+13,1.5695E-05,PbS,0.182066106,,
8.18E-12,2.58,1,148.4131591,1,-2.579868998,-2.579843851,-2.51473E-05,2.38011E+13,-3.95032E-07,PbSe,-0.004582481,,
0.0826,1.87,1,148.4131591,2.718281828,-1.715010624,-1.715386454,0.000375829,2.19384E+13,5.44176E-06,PbTe,0.063126045,,
0.0375,3.12,1,148.4131591,2.718281828,-3.002567522,-3.002839004,0.000271482,4.2E+12,7.52548E-07,SnTe,0.008729771,,
0.08,0.47,1,148.4131591,1.000040174,-0.432085024,-0.43225995,0.000174926,2.89753E+14,3.34522E-05,GeTe,0.388055422,,
